-- MySQL dump 10.13  Distrib 8.0.19, for Win64 (x86_64)
--
-- Host: localhost    Database: formact
-- ------------------------------------------------------
-- Server version	8.0.19

/*!40101 SET @OLD_CHARACTER_SET_CLIENT=@@CHARACTER_SET_CLIENT */;
/*!40101 SET @OLD_CHARACTER_SET_RESULTS=@@CHARACTER_SET_RESULTS */;
/*!40101 SET @OLD_COLLATION_CONNECTION=@@COLLATION_CONNECTION */;
/*!50503 SET NAMES utf8 */;
/*!40103 SET @OLD_TIME_ZONE=@@TIME_ZONE */;
/*!40103 SET TIME_ZONE='+00:00' */;
/*!40014 SET @OLD_UNIQUE_CHECKS=@@UNIQUE_CHECKS, UNIQUE_CHECKS=0 */;
/*!40014 SET @OLD_FOREIGN_KEY_CHECKS=@@FOREIGN_KEY_CHECKS, FOREIGN_KEY_CHECKS=0 */;
/*!40101 SET @OLD_SQL_MODE=@@SQL_MODE, SQL_MODE='NO_AUTO_VALUE_ON_ZERO' */;
/*!40111 SET @OLD_SQL_NOTES=@@SQL_NOTES, SQL_NOTES=0 */;

--
-- Table structure for table `categoria`
--

DROP TABLE IF EXISTS `categoria`;
/*!40101 SET @saved_cs_client     = @@character_set_client */;
/*!50503 SET character_set_client = utf8mb4 */;
CREATE TABLE `categoria` (
  `idcategoria` int NOT NULL AUTO_INCREMENT,
  `nome` varchar(50) NOT NULL,
  `descrizione` varchar(300) DEFAULT NULL,
  `ambitoDisciplinare` varchar(100) NOT NULL,
  PRIMARY KEY (`idcategoria`,`nome`,`ambitoDisciplinare`),
  UNIQUE KEY `nome_UNIQUE` (`nome`)
) ENGINE=InnoDB AUTO_INCREMENT=10 DEFAULT CHARSET=utf8mb4 COLLATE=utf8mb4_0900_ai_ci;
/*!40101 SET character_set_client = @saved_cs_client */;

--
-- Dumping data for table `categoria`
--

LOCK TABLES `categoria` WRITE;
/*!40000 ALTER TABLE `categoria` DISABLE KEYS */;
INSERT INTO `categoria` VALUES (1,'programmazione web','HTML , CSS, JAVASCRIPT','discipline informatiche'),(2,'basi di dati','sql, database, linguaggi relazionali','informatica'),(3,'Matematica','Tutti i percorsi formativi che trattano argomenti matematici','Attività formative integrative/affini'),(4,'Informatica','Tutti i percorsi formativi che trattano argomenti informatici','Discipline informatiche'),(5,'Linguaggi','Tutti i percorsi formativi che trattano 1 o più linguagi','Discipline informatiche'),(6,'Linguaggi di programmazione','Tutti i percorsi formativi che trattano 1 o più linguaggi di programmazione','Discipline informatiche'),(7,'Linguaggi di markup','Tutti i percorsi formativi che trattano 1 o più linguaggi di markup','Discipline informatiche'),(8,'Linguaggi di scripting','Tutti i percorsi formativi che trattano 1 o più linguaggi di scripting','Discipline informatiche'),(9,'Linguaggi di modellazione','Tutti i percorsi formativi che trattano 1 o più linguaggi di modellazione','Discipline informatiche');
/*!40000 ALTER TABLE `categoria` ENABLE KEYS */;
UNLOCK TABLES;

--
-- Table structure for table `disponibilita`
--

DROP TABLE IF EXISTS `disponibilita`;
/*!40101 SET @saved_cs_client     = @@character_set_client */;
/*!50503 SET character_set_client = utf8mb4 */;
CREATE TABLE `disponibilita` (
  `id` int NOT NULL AUTO_INCREMENT,
  `giornoSettimana` varchar(10) NOT NULL,
  `orario` varchar(10) NOT NULL,
  `stato` tinyint(1) NOT NULL DEFAULT '1',
  `percorsoFormativo` int DEFAULT NULL,
  PRIMARY KEY (`id`),
  KEY `percorsoFormativo_idx` (`percorsoFormativo`),
  CONSTRAINT `percorsoFormativo` FOREIGN KEY (`percorsoFormativo`) REFERENCES `percorso_formativo` (`idpercorso_formativo`) ON DELETE CASCADE ON UPDATE CASCADE
) ENGINE=InnoDB AUTO_INCREMENT=66 DEFAULT CHARSET=utf8mb4 COLLATE=utf8mb4_0900_ai_ci;
/*!40101 SET character_set_client = @saved_cs_client */;

--
-- Dumping data for table `disponibilita`
--

LOCK TABLES `disponibilita` WRITE;
/*!40000 ALTER TABLE `disponibilita` DISABLE KEYS */;
INSERT INTO `disponibilita` VALUES (2,'martedì','10:00',1,1),(3,'venerdì','10:00',0,2),(4,'lunedì','07:00',1,4),(5,'martedì','07:00',1,5),(6,'mercoledì','07:00',1,6),(7,'giovedì','07:00',1,7),(8,'venerdì','07:00',0,8),(9,'lunedì','20:00',1,9),(10,'martedì','20:00',0,10),(11,'mercoledì','20:00',1,11),(12,'giovedì','20:00',1,12),(13,'venerdì','20:00',1,13),(14,'lunedì','09:00',1,14),(15,'martedì','09:00',1,15),(16,'mercoledì','09:00',1,16),(17,'giovedì','09:00',1,17),(18,'venerdì','09:00',0,18),(19,'lunedì','18:00',1,19),(20,'martedì','18:00',0,20),(21,'mercoledì','18:00',1,21),(22,'giovedì','18:00',1,22),(23,'venerdì','18:00',0,23),(24,'lunedì','11:00',1,24),(25,'martedì','11:00',1,25),(26,'mercoledì','11:00',1,26),(27,'giovedì','11:00',1,27),(28,'venerdì','11:00',1,28),(29,'lunedì','16:00',1,29),(30,'martedì','16:00',1,30),(31,'mercoledì','16:00',1,31),(32,'giovedì','16:00',1,32),(33,'venerdì','16:00',0,33),(34,'lunedì','13:00',1,34),(35,'martedì','13:00',1,4),(36,'mercoledì','13:00',1,5),(37,'giovedì','13:00',1,6),(38,'venerdì','13:00',1,7),(39,'lunedì','14:00',0,8),(40,'martedì','14:00',1,9),(41,'mercoledì','14:00',1,10),(42,'giovedì','14:00',1,11),(43,'venerdì','14:00',1,12),(44,'lunedì','15:00',1,13),(45,'martedì','15:00',1,14),(46,'mercoledì','15:00',1,15),(47,'giovedì','15:00',1,16),(48,'venerdì','15:00',1,17),(49,'lunedì','12:00',0,18),(50,'martedì','12:00',1,19),(51,'mercoledì','12:00',0,20),(52,'giovedì','12:00',1,21),(53,'venerdì','12:00',1,22),(54,'lunedì','17:00',0,23),(55,'martedì','17:00',1,24),(56,'mercoledì','17:00',1,25),(57,'giovedì','17:00',1,26),(58,'venerdì','17:00',1,27),(59,'lunedì','10:00',1,28),(60,'martedì','10:00',1,29),(61,'mercoledì','10:00',1,30),(62,'giovedì','10:00',1,31),(63,'venerdì','10:00',1,32),(64,'lunedì','19:00',0,33),(65,'martedì','19:00',1,34);
/*!40000 ALTER TABLE `disponibilita` ENABLE KEYS */;
UNLOCK TABLES;

--
-- Table structure for table `formatore`
--

DROP TABLE IF EXISTS `formatore`;
/*!40101 SET @saved_cs_client     = @@character_set_client */;
/*!50503 SET character_set_client = utf8mb4 */;
CREATE TABLE `formatore` (
  `idformatore` int NOT NULL AUTO_INCREMENT,
  `email` varchar(50) NOT NULL,
  `password` varchar(20) NOT NULL,
  `nome` varchar(30) NOT NULL,
  `cognome` varchar(30) NOT NULL,
  `sesso` varchar(1) DEFAULT NULL,
  `dataNascita` date NOT NULL,
  `paeseOrigine` varchar(20) DEFAULT NULL,
  `codiceFiscale` varchar(16) NOT NULL,
  `contoCorrente` varchar(28) DEFAULT NULL,
  PRIMARY KEY (`idformatore`),
  UNIQUE KEY `email_UNIQUE` (`email`)
) ENGINE=InnoDB AUTO_INCREMENT=7 DEFAULT CHARSET=utf8mb4 COLLATE=utf8mb4_0900_ai_ci;
/*!40101 SET character_set_client = @saved_cs_client */;

--
-- Dumping data for table `formatore`
--

LOCK TABLES `formatore` WRITE;
/*!40000 ALTER TABLE `formatore` DISABLE KEYS */;
INSERT INTO `formatore` VALUES (1,'testFormatore4@cambioEmail.it','cambioPassword','Test nome','test cognome','f','0017-10-22','Italia','sdasdasd','ITSDASDA5411DASD5415'),(5,'mrossi@gmail.com','mariorossi','Mario','Rossi','m','1980-05-10','','abcabc','defdef'),(6,'testFormatore@gmail.it','cambioPassword','Test nome','test cognome','f','1980-10-22','','sdasdasd','ITSDASDA5411DASD5415');
/*!40000 ALTER TABLE `formatore` ENABLE KEYS */;
UNLOCK TABLES;

--
-- Table structure for table `interesse`
--

DROP TABLE IF EXISTS `interesse`;
/*!40101 SET @saved_cs_client     = @@character_set_client */;
/*!50503 SET character_set_client = utf8mb4 */;
CREATE TABLE `interesse` (
  `idinteresse` int NOT NULL AUTO_INCREMENT,
  `nome` varchar(50) NOT NULL,
  PRIMARY KEY (`idinteresse`),
  UNIQUE KEY `nome_UNIQUE` (`nome`)
) ENGINE=InnoDB AUTO_INCREMENT=11 DEFAULT CHARSET=utf8mb4 COLLATE=utf8mb4_0900_ai_ci;
/*!40101 SET character_set_client = @saved_cs_client */;

--
-- Dumping data for table `interesse`
--

LOCK TABLES `interesse` WRITE;
/*!40000 ALTER TABLE `interesse` DISABLE KEYS */;
INSERT INTO `interesse` VALUES (2,'3d (Informatica)'),(3,'Algebra (Matematica)'),(5,'Algoritmi (Informatica)'),(6,'Analisi 1 (Matematica)'),(4,'C (Linguaggio)'),(9,'Geometria (Matematica)'),(8,'Grafica e interattività (Informatica)'),(7,'HTML (Linguaggio)'),(10,'Java (Linguaggio)'),(1,'python');
/*!40000 ALTER TABLE `interesse` ENABLE KEYS */;
UNLOCK TABLES;

--
-- Table structure for table `interesse_studente`
--

DROP TABLE IF EXISTS `interesse_studente`;
/*!40101 SET @saved_cs_client     = @@character_set_client */;
/*!50503 SET character_set_client = utf8mb4 */;
CREATE TABLE `interesse_studente` (
  `studente` int NOT NULL,
  `interesse` int NOT NULL,
  PRIMARY KEY (`studente`,`interesse`),
  KEY `interesse_idx` (`interesse`),
  CONSTRAINT `interesse` FOREIGN KEY (`interesse`) REFERENCES `interesse` (`idinteresse`) ON DELETE CASCADE ON UPDATE CASCADE,
  CONSTRAINT `studente` FOREIGN KEY (`studente`) REFERENCES `studente` (`idstudente`) ON DELETE CASCADE ON UPDATE CASCADE
) ENGINE=InnoDB DEFAULT CHARSET=utf8mb4 COLLATE=utf8mb4_0900_ai_ci;
/*!40101 SET character_set_client = @saved_cs_client */;

--
-- Dumping data for table `interesse_studente`
--

LOCK TABLES `interesse_studente` WRITE;
/*!40000 ALTER TABLE `interesse_studente` DISABLE KEYS */;
INSERT INTO `interesse_studente` VALUES (1,1),(5,2),(5,3),(5,4),(2,6),(5,8),(5,9),(5,10);
/*!40000 ALTER TABLE `interesse_studente` ENABLE KEYS */;
UNLOCK TABLES;

--
-- Table structure for table `iscrizione`
--

DROP TABLE IF EXISTS `iscrizione`;
/*!40101 SET @saved_cs_client     = @@character_set_client */;
/*!50503 SET character_set_client = utf8mb4 */;
CREATE TABLE `iscrizione` (
  `studente` int NOT NULL,
  `percorso_formativo` int NOT NULL,
  `giorno` varchar(45) NOT NULL,
  `orario` varchar(5) NOT NULL,
  `metodo_pagamento` varchar(45) DEFAULT NULL,
  `data_pagamento` date DEFAULT NULL,
  PRIMARY KEY (`studente`,`percorso_formativo`,`giorno`,`orario`),
  KEY `percorsoFormativo_idx` (`percorso_formativo`),
  CONSTRAINT `corso` FOREIGN KEY (`percorso_formativo`) REFERENCES `percorso_formativo` (`idpercorso_formativo`) ON DELETE CASCADE ON UPDATE CASCADE,
  CONSTRAINT `studenteIscritto` FOREIGN KEY (`studente`) REFERENCES `studente` (`idstudente`) ON DELETE CASCADE ON UPDATE CASCADE
) ENGINE=InnoDB DEFAULT CHARSET=utf8mb4 COLLATE=utf8mb4_0900_ai_ci;
/*!40101 SET character_set_client = @saved_cs_client */;

--
-- Dumping data for table `iscrizione`
--

LOCK TABLES `iscrizione` WRITE;
/*!40000 ALTER TABLE `iscrizione` DISABLE KEYS */;
INSERT INTO `iscrizione` VALUES (1,2,'venerdì','10:00','visa','2022-09-11'),(4,1,'martedì','10:00','visa','2022-08-05'),(5,10,'martedì','20:00','mastercard','2021-05-05'),(5,20,'mercoledì','12:00','visa','2021-10-10');
/*!40000 ALTER TABLE `iscrizione` ENABLE KEYS */;
UNLOCK TABLES;

--
-- Table structure for table `percorso_formativo`
--

DROP TABLE IF EXISTS `percorso_formativo`;
/*!40101 SET @saved_cs_client     = @@character_set_client */;
/*!50503 SET character_set_client = utf8mb4 */;
CREATE TABLE `percorso_formativo` (
  `idpercorso_formativo` int NOT NULL AUTO_INCREMENT,
  `formatore` int NOT NULL,
  `nome` varchar(100) NOT NULL,
  `ambito` int NOT NULL,
  `descrizione` varchar(500) NOT NULL,
  `indiceContenuti` text NOT NULL,
  `numeroLezioni` int DEFAULT NULL,
  `costo` double NOT NULL,
  `validate` tinyint NOT NULL,
  PRIMARY KEY (`idpercorso_formativo`),
  KEY `ambito_idx` (`ambito`),
  KEY `idFormatore_idx` (`formatore`),
  CONSTRAINT `ambito` FOREIGN KEY (`ambito`) REFERENCES `categoria` (`idcategoria`) ON DELETE CASCADE ON UPDATE CASCADE,
  CONSTRAINT `idFormatore` FOREIGN KEY (`formatore`) REFERENCES `formatore` (`idformatore`) ON DELETE CASCADE ON UPDATE CASCADE
) ENGINE=InnoDB AUTO_INCREMENT=35 DEFAULT CHARSET=utf8mb4 COLLATE=utf8mb4_0900_ai_ci;
/*!40101 SET character_set_client = @saved_cs_client */;

--
-- Dumping data for table `percorso_formativo`
--

LOCK TABLES `percorso_formativo` WRITE;
/*!40000 ALTER TABLE `percorso_formativo` DISABLE KEYS */;
INSERT INTO `percorso_formativo` VALUES (1,1,'percorsoTestNuovo',1,'aggiunta percorso di prova per test in junit','Indice contenuti',50,10,1),(2,1,'percorso test id: 2',1,'aggiunta percorso di prova per test in junit','Indice contenuti',50,10,0),(4,1,'Tecnologie Software per il Web',3,'Questo corso ha l\'obiettivo di insegnarti a creare siti web.','L’INSEGNAMENTO APPROFONDISCE LA PROGRAMMAZIONE LATO CLIENT (HTML, CSS, JAVASCRIPT, JQUERY), LA PROGRAMMAZIONE LATO SERVER (JSP, SERVLET) E STRUMENTI E MODELLI PER LO SCAMBIO DI DATI (JDOM, XML, AJAX, JSON).IN PARTICOLARE, SONO TRATTATI I SEGUENTI ARGOMENTI: •NOZIONI URI, PROTOCOLLO HTTP, ARCHITETTURE CLIENT-SERVER •ISTALLAZIONE DI APPLICAZIONI WEB SU TOMCAT •LINGUAGGI HTML 5 E CSS 3 (RESPONSIVE CSS) •DESCRIZIONE DELLE INFORMAZIONI: XML (JDOM, DTD, PARSER DOM E SAX) E JSON •SESSIONI E GESTIONE DELLO STATO •IL DESIGN PATTERN MODEL-VIEW-CONTROLLER (MVC) •PROGRAMMAZIONE LATO SERVER: SERVLET, JSP, EL, JAVABEAN •SICUREZZA ED APPLICAZIONI WEB •PROGRAMMAZIONE LATO CLIENT: JAVASCRIPT (AJAX, JQUERY)',5,5,1),(5,5,'Architettura degli elaboratori',2,'Questo corso ha l\'obiettivo di insegnarti come ragiona un computer.','1) ARCHITETTURA DEI CALCOLATORI– COSA E? UN CALCOLATORE – TIPI DI CALCOLATORI – COMPONENTI DI UN CALCOLATORE - ESECUZIONE DI UN PROGRAMMA (1 CREDITO)\r\n<br>2) RAPPRESENTAZIONE DELL\'INFORMAZIONE - RAPPRESENTAZIONE DEGLI INTERI PER ALGORITMI DI CONVERSIONE PER INTERI (DEC-BIN, BIN-DEC)) - RAPPRESENTAZIONE E ARITMETICA IN COMPLEMENTO A DUE - RAPPRESENTAZIONE IN VIRGOLA MOBILE - CODIFICA ASCII (PP. 120-122) (1 CREDITO)\r\n<br>3) LOGICA DIGITALE - ALGEBRA BOOLEANA - RETI COMBINATORIE E ALU - ELEMENTI DI MEMORIZZAZIONE: FLIP-FLOP (1 CREDITO)\r\n<br>4) LINGUAGGIO ASSEMBLER DI UNA MACCHINA RISC (2 CREDITI)\r\n<br>5) IMPLEMENTAZIONE DELLA UNITÀ DI ELABORAZIONE A CICLO SINGOLO (1 CREDITO)\r\n<br>6) MISURA DELLE PRESTAZIONI, MIGLIORAMENTO DELLE PRESTAZIONI MEDIANTE PIPELINE (2 CREDITI)\r\n<br>7) GERARCHIE DI MEMORIA (1 CREDITO)\r\n<br>8) REGISTER FILE E MODULI COMBINATORI (1 CREDITO)',10,10,1),(6,1,'Calcolo delle probabilità e statistica matematica',1,'Questo corso ha l\'obiettivo di insegnarti la statistica e la probabilita\'.','ESPERIMENTI ALEATORI. SPAZIO CAMPIONARIO. PROBABILITÀ. SPAZIO DI PROBABILITÀ. PROBABILITÀ CONDIZIONATA. INDIPENDENZA. ELEMENTI DI CALCOLO COMBINATORIO. VARIABILE ALEATORIA. FUNZIONE DI DISTRIBUZIONE. MEDIA, DEVIAZIONE STANDARD E VARIANZA. PRINCIPALI VARIABILI ALEATORIE DISCRETE E CONTINUE. VARIABILI ALEATORIE DOPPIE DISCRETE. FUNZIONI DI PROBABILITÀ MARGINALI. FUNZIONI DI PROBABILITÀ CONDIZIONATE. INDIPENDENZA. COVARIANZA E CORRELAZIONE. VARIABILI ALEATORIE MULTIPLE. MOMENTI. DISUGUAGLIANZA DI MARKOV E CHEBYSHEV. LEGGE DEI GRANDI NUMERI. TEOREMA DI BERNOULLI. TEOREMA DEL LIMITE CENTRALE. CAMPIONAMENTO. POPOLAZIONE E CAMPIONE. INFERENZA STATISTICA. STIMA DEI PARAMETRI. STATISTICHE CAMPIONARIE. MEDIA E VARIANZA CAMPIONARIE. DISTRIBUZIONE CAMPIONARIA DELLA MEDIA. ORGANIZZAZIONE E DESCRIZIONE DEI DATI. TABELLE. GRAFICI DI FREQUENZE. ISTOGRAMMI. PERCENTILI CAMPIONARI. DATI BIVARIATI. COEFFICIENTE DI CORRELAZIONE CAMPIONARIO.',15,15,1),(7,5,'Programmazione e strutture dati',4,'Questo corso ha l\'obiettivo di insegnarti le strutture di base.','1.COMPLEMENTI DI PROGRAMMAZIONE IN C: STRUTTURE AUTO-REFERENZIATE, STRUTTURE DINAMICHE (LISTE, ALBERI)\r\n2.NOZIONI GENERALI SUI MODELLI DI MEMORIA, MEMORIA STATICA E MEMORIA DINAMICA, STACK E RECORD DI ATTIVAZIONE, NOMI ED AMBIENTE, REGOLE DI SCOPE STATICO E DINAMICO\r\n3.PUNTATORI E ALLOCAZIONE DINAMICA DELLA MEMORIA\r\n4.ASTRAZIONI E MODULI: TIPI DI ASTRAZIONE, INTERFACCIA E IMPLEMENTAZIONE DI UN MODULO, REALIZZAZIONE DI MODULI IN C\r\n5.RICORSIONE: ASPETTI E DEFINIZIONI GENERALI, RICORSIONE E ITERAZIONE, GESTIONE DELL’ESECUZIONE DI PROGRAMMI RICORSIVI\r\n6.ALGORITMI ITERATIVI E RICORSIVI SU ARRAY, ALGORITMI DI ORDINAMENTO.\r\n7.CENNI SU COMPLESSITÀ COMPUTAZIONALE\r\n8.TIPI DI DATI ASTRATTI (ADT): SPECIFICA SINTATTICA E SEMANTICA, PROGETTO E REALIZZAZIONE.\r\n9.LISTE: ASPETTI GENERALI, VARIANTI E SPECIFICA DEGLI ADT, DEFINIZIONE DELLA STRUTTURA DATI E IMPLEMENTAZIONI ALTERNATIVE BASATE SU ARRAY E STRUTTURE A PUNTATORI, SPECIFICA E REALIZZAZIONE DEGLI OPERATORI (VERSIONI ITERATIVE E RICORSIVE), ALGORITMI SU LISTE ED APPLICAZIONI.\r\n10.PILE E CODE: SPECIFICA DEGLI ADT, OPERATORI DI PILA E CODA, IMPLEMENTAZIONI ALTERNATIVE DELLE STRUTTURE DATI, APPLICAZIONI DI PILE E CODE.\r\n11.ALBERI E ALBERI BINARI: ASPETTI GENERALI, SPECIFICA DEGLI ADT, DEFINIZIONE DELLA STRUTTURA DATI E OPERATORI DI BASE, ALGORITMI DI VISITA E ALTRI ALGORITMI SUGLI ALBERI (IN VERSIONE ITERATIVA E RICORSIVA), APPLICAZIONI DI ALBERI E ALBERI BINARI.\r\n12.INSIEMI ORDINATI E ALBERI DI RICERCA BINARIA: SPECIFICA E IMPLEMENTAZIONE DELL’ADT, OPERATORI DI CREAZIONE, INSERIMENTO, CANCELLAZIONE E RICERCA, ALGORITMI DI VISITA, CENNI SUL BILANCIAMENTO DEGLI ALBERI DI RICERCA BINARIA, APPLICAZIONI DI ALBERI DI RICERCA BINARIA.\r\n13.CENNI SU CODE A PRIORITÀ E HEAP\r\n14.INSIEMI, TABELLE E TABELLE HASH: ASPETTI GENERALI, SPECIFICA E IMPLEMENTAZIONE DELL’ADT, FUNZIONI DI HASHING, OPERATORI DI CREAZIONE, INSERIMENTO, CANCELLAZIONE E RICERCA, GESTIONE DELLE COLLISIONI CON LISTA CONCATENATA ED INDIRIZZAMENTO APERTO, APPLICAZIONI DI TABELLE HASH.',20,20,1),(8,1,'Programmazione Object Oriented',4,'Questo corso ha l\'obiettivo di insegnarti la programmazione object oriented.','DOPO UNA INTRODUZIONE ALLA PROGRAMMAZIONE ORIENTATA AGLI OGGETTI, EVIDENZIANDO ANCHE LE DIFFERENZE PRINCIPALI CON ALTRI APPROCCI (PER ESEMPIO QUELLO PROCEDURALE), IL CORSO SI CONCENTRERÀ SUI SEGUENTI ARGOMENTI:\r\n•LA PROGRAMMAZIONE ORIENTATA AGLI OGGETTI E CONCETTI DI ASTRAZIONE DEI DATI E DI INCAPSULAMENTO\r\n•INTRODUZIONE A JAVA E AL PROCESSO DI COMPILAZIONE\r\n•INTRODUZIONE AL TOOLKIT DI PROGRAMMAZIONE JDK 8.0\r\n•OGGETTI, VARIABILI, RIFERIMENTI; CLASSI E METODI, COMUNICAZIONE FRA OGGETTI, PARAMETRI ESPLICITI E IMPLICITI; IL RIFERIMENTO THIS\r\n•TIPI DI DATI FONDAMENTALI. ARITMETICA E FUNZIONI MATEMATICHE\r\n•INVOCAZIONE DI METODI STATICI\r\n•LA CLASSE STRING\r\n•FILE E FLUSSI. LEGGERE E SCRIVERE FILE DI TESTO; FORMATO BINARIO E FORMATO DI TESTO\r\n•RICHIAMI SUI COSTRUTTI DI CONTROLLO\r\n•LE COLLEZIONI IN JAVA \r\n•CENNI SUI TIPI GENERICI, SUI TIPI ENUMERATIVI E SUI MECCANISMI DI ‘AUTOBOXING’ E ‘UNBOXING’. FOR GENERICO (FOR EACH)\r\n•PROGETTAZIONE DI CLASSI. CONCETTI DI COESIONE E ACCOPPIAMENTO\r\n•INTERFACCE E POLIMORFISMO\r\n•EREDITARIETÀ E RIUSO\r\n•MECCANISMO DI GESTIONE DELLE ECCEZIONI\r\n•TESTING: VERIFICA DEL COMPORTAMENTO DEGLI OGGETTI; SCELTA DEI CASI DI TEST; INTEGRAZIONE DI CLASSI. DEBUGGING\r\n•ESPRESSIONI LAMBDA PER LA DEFINIZIONE DI FUNZIONI ANONIME\r\n•PROGRAMMAZIONE GRAFICA\r\n•PROGRAMMARE AD EVENTI',25,25,0),(9,5,'Grafica ed iterattività',3,'Questo corso ha l\'obiettivo di insegnarti come creare un videogame.','INTRODUZIONE ALLA COMPUTER GRAFICA 3D\r\nFONDAMENTI DI COMPUTER GRAFICA (SPAZIO 3D, PRIMITIVE GEOMETRICHE, TRASFORMAZIONI)\r\nMODELLAZIONE SUPERFICIALE (MODELLAZIONE POLIGONALE, SUPERFICI PARAMETRICHE, SUPERFICI DI SUDDIVISIONE, ETC.)\r\nEQUAZIONE DELLA RADIANZA\r\nLOCAL ILLUMINATION E RAY TRACING\r\nCONCETTO DI CAMERA\r\nCENNI SULLA PERCEZIONE\r\nSTEREOSCOPIA\r\nINTERAZIONE APTICA\r\nMOTION CAPTURE\r\nREALTÀ AUMENTATA\r\nDISPOSITIVI DI INPUT, OUTPUT,\r\nMOTORI 3D E UNITY: INTRODUZIONE AI MOTORI 3D E UNITY\r\nCARATTERISTICHE PRINCIPALI DI UNITYUTILIZZO DI C# PER GLI SCRIPTING',30,30,1),(10,1,'Elementi di teoria della computazione',1,'Questo corso ha l\'obiettivo di insegnarti la Macchina di turing e gli automi.','MODELLI DI COMPUTAZIONE: AUTOMI FINITI DETERMINISTICI E NON DETERMINISTICI. ESPRESSIONI REGOLARI. PROPRIETÀ DI CHIUSURA DEI LINGUAGGI REGOLARI. TEOREMA DI KLEENE. PUMPING LEMMA PER I LINGUAGGI REGOLARI. MACCHINA DI TURING DETERMINISTICA A NASTRO SINGOLO. IL LINGUAGGIO RICONOSCIUTO DA UNA MACCHINA DI TURING. VARIANTI DI MACCHINE DI TURING E LORO EQUIVALENZA.\r\n\r\nIL CONCETTO DI COMPUTABILITÀ: FUNZIONI CALCOLABILI, LINGUAGGI DECIDIBILI E LINGUAGGI TURING RICONOSCIBILI. LINGUAGGI DECIDIBILI E LINGUAGGI INDECIDIBILI. IL PROBLEMA DELLA FERMATA. RIDUZIONI, TEOREMA DI RICE.\r\n\r\nIL CONCETTO DI COMPLESSITÀ: MISURE DI COMPLESSITÀ: COMPLESSITÀ IN TEMPO DETERMINISTICO E NON DETERMINISTICO. RELAZIONI DI COMPLESSITÀ TRA VARIANTI DI MACCHINE DI TURING. LA CLASSE P. LA CLASSE NP. RIDUCIBILITÀ IN TEMPO POLINOMIALE. DEFINIZIONE DI NP-COMPLETEZZA. RIDUZIONI POLINOMIALI. ESEMPI DI LINGUAGGI NP-COMPLETI.',30,30.5,1),(11,5,'Sicurezza',2,'Questo corso ha l\'obiettivo di insegnarti gli algoritmi per la sicurezza informatica.','1. STRUMENTI CRITTOGRAFICI\r\n2. INFRASTRUTTURE DI SICUREZZA\r\n3. SICUREZZA DEI SISTEMI E DELLE RETI\r\n4. LEGISLAZIONE, STANDARD E SICUREZZA',25,25.5,1),(12,1,'Basi di Dati 1',3,'Questo corso ha l\'obiettivo di insegnarti cosa e\' una Base di Dati.','MODELLI AVANZATI E TECNOLOGIE DI BASI DI DATI UTILIZZATE NEL CONTESTO DEI SISTEMI INFORMATIVI AZIENDALI:\r\n•ORGANIZZAZIONE FISICA DEI DATI ED INDICIZZAZIONE\r\n•CONCORRENZA\r\n•GESTIONE DELLE TRANSAZIONI\r\n•BASI DI DATI DISTRIBUITE\r\n•ASPETTI DI PRIVACY E CONTROLLO DELL’ACCESSO\r\n\r\nTEMATICHE INERENTI ASPETTI EVOLUTI DI GESTIONE DEI DATI:\r\n•DATABASE SEMI STRUTTURATI\r\n•INFORMATION RETRIEVAL\r\n•DATA WAREHOUSE\r\n•SISTEMI DI BUSINESS INTELLIGENCE\r\n•BASI DI DATI XML E MULTIMEDIALI\r\n•BIG DATA E NOSQL',20,20.5,1),(13,5,'Fondamenti di visione artificiale e biometrica',2,'Questo corso ha l\'obiettivo di insegnarti le fondamenta di visione biometrica e artificiale.','1.PSICOLOGIA DELLA PERCEZIONE (CENNI) (2H FRONTALI)\r\n2.DIGITAL FORENSICS (3H FRONTALI)\r\n3.TECNICHE AVANZATE DI COMPUTER VISION E TRASFORMATE (OPERATORI, LOCALI, FOURIER, WAVELET, COSENO)\r\n4.BIOMETRIA (2D E 3D)\r\n5.SISTEMI MULTIBIOMETRICI\r\n6.ANALISI DELLE PRESTAZIONI\r\n7.ANALISI MULTIMEDIALE FORENSE: IMMAGINI E VIDEO\r\n8.TECNICHE INVESTIGATIVE MEDIANTE BIOMETRIE\r\n9.IMPLICAZIONI LEGALI ED ETICHE (CENNI)',15,15.5,1),(14,1,'Analisi matematica 1',1,'Questo corso ha l\'obiettivo di insegnarti l\'analisi matematica.','I NUMERI REALI\r\nASSIOMI DEI NUMERI REALI E CONSEGUENZE. NUMERI NATURALI, INTERI E RAZIONALI. INSIEMI NUMERICI: INSIEME LIMITATO, MASSIMO E MINIMO, ESTREMO INFERIORE E SUPERIORE. UNICITÀ DEL MINIMO (DIM). TH DI ESISTENZA DELL\'ESTREMO SUPERIORE (DIM). INSIEMI NON LIMITATI. INTERVALLI. PROPRIETÀ DI ARCHIMEDE (DIM). NON COMPLETEZZA DELL\'INSIEME DEI NUMERI RAZIONALI (DIM).\r\n\r\nFUNZIONI REALI DI UNA VARIABILE REALE\r\nDEFINIZIONE E NOTAZIONI. ESTREMI. RAPPRESENTAZIONE CARTESIANA. FUNZIONI PARI, FUNZIONI DISPARI E FUNZIONI PERIODICHE. ALGEBRA DELLE FUNZIONI. COMPOSIZIONE DI FUNZIONI. FUNZIONI INVERTIBILI. FUNZIONI MONOTONE. INVERTIBILITÀ DELLE FUNZIONI MONOTONE(DIM).\r\n\r\nFUNZIONI ELEMENTARI\r\nFUNZIONE LINEARE. FUNZIONE VALORE ASSOLUTO. DISUGUAGLIANZA TRIANGOLARE. FUNZIONI POTENZA. FUNZIONE ESPONENZIALE. FUNZIONE LOGARITMO. FUNZIONI TRIGONOMETRICHE E TRIGONOMETRICHE INVERSE.\r\n\r\nSUCCESSIONI NUMERICHE\r\nDEFINIZIONE E NOTAZIONI. RAPPRESENTAZIONE GRAFICA DI UNA SUCCESSIONE. SUCCESSIONI CONVERGENTI: DEFINIZIONE ED ESEMPI. TH SULL\'UNICITÀ DEL LIMITE (DIM). SUCCESSIONI DIVERGENTI: DEFINIZIONI ED ESEMPI. VERIFICHE DI LIMITI. SUCCESSIONI NON REGOLARI. SUCCESSIONI LIMITATE. LIMITATEZZA DELLE SUCCESSIONI CONVERGENTI(DIM). OPERAZIONI CON I LIMITI DI SUCCESSIONI (DIMOSTRAZIONE DELLA SOMMA E DEL PRODOTTO SOLO NEL CASO DELLA CONVERGENZA). FORME INDETERMINATE. TH DELLA PERMANENZA DEL SEGNO E COROLLARI(DIM). TH DEI CARABINIERI (DIM). TH DEL PRODOTTO DI UNA SUCCESSIONE LIMITATA PER UNA INFINITESIMA. SUCCESSIONI MONOTONE E RELATIVO TH (DIM). IL NUMERO E. ALCUNI LIMITI NOTEVOLI. CRITERIO DEL RAPPORTO E SUE APPLICAZIONI. INFINITI DI ORDINE CRESCENTE. SUCCESSIONI ESTRATTE. TH DI BOLZANO-WEIERSTRASS.\r\nLIMITI DI FUNZIONI\r\nDEFINIZIONE E NOTAZIONI. LEGAME TRA LIMITI DI FUNZIONI E LIMITI DI SUCCESSIONI. UNICITÀ DEL LIMITE. OPERAZIONI CON I LIMITI. FORME INDETERMINATE. LIMITI DELLE FUNZIONI COMPOSTE. LIMITI DELLE FUNZIONI ELEMENTARI AGLI ESTREMI DEL LORO INSIEME DI DEFINIZIONE.\r\n\r\nFUNZIONI CONTINUE\r\nDEFINIZIONE. CONTINUITÀ DELLE FUNZIONI ELEMENTARI. OPERAZIONI CON FUNZIONI CONTINUE. COMPOSIZIONE DI FUNZIONI CONTINUE. TH DELLA PERMANENZA DEL SEGNO. TH DEGLI ZERI. PUNTI DI DISCONTINUITÀ: CLASSIFICAZIONE ED ESEMPI. TH DI WEIERSTRASS. TEOREMI DELL\'ESISTENZA DEI VALORI INTERMEDI (DIMOSTRAZIONE SOLO DEL PRIMO). LIMITI NOTEVOLI (DIM).\r\n\r\nDERIVATE\r\nDEFINIZIONE E SIGNIFICATO GEOMETRICO. CONTINUITÀ DELLE FUNZIONI DERIVABILI (DIM). OPERAZIONI CON LE DERIVATE (DIM). DERIVATA DI UNA FUNZIONE COMPOSTA. DERIVATA DELLA FUNZIONE INVERSA. DERIVATE DELLE FUNZIONI ELEMENTARI (DIM). DERIVATE DI ORDINE SUPERIORE. TEOREMI DI DE L\'HOPITAL. FORMULA DI TAYLOR.\r\n\r\nAPPLICAZIONI DELLE DERIVATE. STUDIO DI FUNZIONI.\r\nMASSIMI E MINIMI RELATIVI DI UNA FUNZIONE REALE DI UNA VARIABILE REALE. TH DI FERMAT (DIM). TH DI ROLLE (DIM). TH DI LAGRANGE (INTERPRETAZIONE GRAFICA). CRITERIO DI MONOTONIA (DIM). CRITERIO DI STRETTA MONOTONIA. CARATTERIZZAZIONE DELLE FUNZIONI COSTANTI IN UN INTERVALLO (DIM). FUNZIONI CONVESSE E CONCAVE. CRITERIO DI CONVESSITÀ. DETERMINAZIONE DEGLI ESTREMI RELATIVI DI UNA FUNZIONE. STUDIO DEL GRAFICO DI UNA FUNZIONE.\r\n\r\nINTEGRAZIONE SECONDO RIEMANN\r\nDEFINIZIONE NEL CASO DI UNA FUNZIONE LIMITATA E NOTAZIONI. INTERPRETAZIONE GEOMETRICA. PROPRIETÀ DI ADDITIVITÀ RISPETTO ALL\'INTERVALLO E DI LINEARITÀ. INTEGRABILITÀ DELLE FUNZIONI CONTINUE. TEOREMI DELLA MEDIA(DIM).\r\n\r\nINTEGRALI INDEFINITI\r\nPRIMITIVE. TH FONDAMENTALE DEL CALCOLO INTEGRALE (DIM). CARATTERIZZAZIONE DELLE PRIMITIVE DI UNA FUNZIONE IN UN INTERVALLO (DIM). FORMULA FONDAMENTALE DEL CALCOLO INTEGRALE (DIM). INTEGRALE INDEFINITO. INTEGRAZIONE PER DECOMPOSIZIONE IN SOMMA. INTEGRAZIONE DELLE FUNZIONI RAZIONALI. INTEGRAZIONE PER PARTI. ALCUNI TIPI DI INTEGRAZIONE PER SOSTITUZIONE',10,10.5,1),(15,5,'Fondamenti di intelligenza artificiale',2,'Questo corso ha l\'obiettivo di insegnarti le fondamenta dell\'intelligenza artificiale.','LO STUDENTE ACQUISIRA\' LA CONOSCENZA E PADRONANZA DEI CONCETTI PRINCIPALI E DEI METODI CHE STANNO ALLA BASE DELLA RISOLUZIONE DI PROBLEMI DI INTELLIGENZA ARTIFICIALE.\r\nMODELLAZIONE E RAPPRESENTAZIONE DI PROBLEMI DI INTELLIGENZA ARTIFICIALE;\r\n- AGENTI INTELLIGENTI;\r\n- ALGORITMI DI RICERCA;\r\n- ALGORITMI DI RICERCA CON AVVERSARI;\r\n- ALGORITMI EURISTICI E METAEURISTICI;\r\n- ALGORITMI DI APPRENDIMENTO NON SUPERVISIONATO;\r\n- ALGORITMI DI APPRENDIMENTO SUPERVISIONATO;\r\n- METODI DI VALIDAZIONE DI ALGORITMI DI INTELLIGENZA ARTIFICIALE.\r\n\r\nIL CORSO FORNIRÀ LE CONOSCENZE DI BASE SUI SEGUENTI ARGOMENTI:\r\n\r\nRAPPRESENTAZIONE DELLA CONOSCENZA:\r\n- CENNI STORICI SULLA PSICOLOGIA COGNITIVA, SULLA NASCITA DELL’INTELLIGENZA ARTIFICIALE, E SUL RAPPORTO TRA LA PSICOLOGIA COGNITIVA ED INTELLIGENZA ARTIFICIALE\r\n- AGENTI INTELLIGENTI E, QUINDI, RAPPRESENTAZIONE DELLA CONOSCENZA A PARTIRE DA DESCRIZIONI TESTUALI.\r\n\r\nTEORIA BAYESIANA DELLA DECISIONE:\r\n- INTRODUZIONE ALLA PROBABILITÀ;\r\n- LA DECISIONE BAYESIANA;\r\n- IL RISCHIO BAYESIANO;\r\n- DENSITÀ NORMALI E CLASSIFICATORE BAYESIANO.\r\n- RISOLUZIONE DI PROBLEMI TRAMITE ALGORITMI DI RICERCA:\r\n\r\nTECNICHE DI RICERCA INFORMATE;\r\n- TECNICHE DI RICERCA NON INFORMATE;\r\n- TECNICHE DI RICERCA CON AVVERSARI;\r\n- TECNICHE DI RICERCA EURISTICI;\r\n- TECNICHE DI RICERCA METAEURISTICI;\r\n\r\nTECNICHE DI APPRENDIMENTO:\r\n- ESTRAZIONE E RIDUZIONE DELLE CARATTERISTICHE DAI DATI;\r\n- ALGORITMI DI APPRENDIMENTO SUPERVISIONATO, COME ALGORITMI DI MACHINE LEARNING CHE COMPRENDONO TECNICHE DI CLASSIFICAZIONE, VALIDAZIONE E QUALITÀ DEI DATI.\r\n- ALGORITMI DI APPRENDIMENTO NON SUPERVISIONATO, COME ALGORITMI DI CLUSTERING E REGOLE DI ASSOCIAZIONE;\r\n- ANALISI DELLE PRESTAZIONI (ACCURATEZZA VS PRECISIONE, MATRICE DI CONFUSIONE, CURVE ROC, CURVE CMC ECC).\r\n\r\nAPPLICAZIONE DI TECNICHE DI INTELLIGENZA ARTIFICIALE IN CONTESTI REALI: PER LO SVOLGIMENTO DI TALI ATTIVITÀ PRATICHE, LO STUDENTE ACQUISIRÀ CONOSCENZE RELATIVE ALL’USO DI VARI STRUMENTI, COME R, PYTHON SKLEARN, WEKA ED ALTRI.',5,5.5,1),(16,1,'Programmazione 1',4,'Questo corso ha l\'obiettivo di insegnarti le fondamenta della programmazione.','L\'INSEGNAMENTO TRATTERÀ I SEGUENTI ARGOMENTI:\r\n1.FONDAMENTI DI PROGRAMMAZIONE; 1H LEZIONE\r\n2.CONCETTI DI ALGORITMO E PROGRAMMA; 1H LEZIONE\r\n3.ANALISI DEL PROBLEMA; 1H LEZIONE\r\n4.CONCETTI DI SPECIFICA, PRECONDIZIONE, POSTCONDIZIONE; 1H LEZIONE\r\n5.PROGETTAZIONE DELLA SOLUZIONE ATTRAVERSO RAFFINAMENTI SUCCESSIVI E DIVIDE ET IMPERA; 2H LEZIONE\r\n6.COMPILAZIONE E CARICAMENTO DI PROGRAMMI; 2H LEZIONE + 1H LABORATORIO\r\n7.USO DELLE LIBRERIE STANDARD; 2H LEZIONE + 1H LABORATORIO\r\n8.INPUT/OUTPUT; ESPRESSIONI; 2H LEZIONE + 1H LABORATORIO\r\n9.ISTRUZIONI CONDIZIONALI; 2H LEZIONE + 2H LABORATORIO\r\n10.CICLI; 2H LEZIONE + 2H LABORATORIO\r\n11.TIPI DI DATI; 2H LEZIONE + 2H LABORATORIO\r\n12.ARRAY E FILE; 6H LEZIONE + 3H LABORATORIO\r\n13.DECOMPOSIZIONE TOP-DOWN E DEFINIZIONE DI FUNZIONI PERSONALI; 2H LEZIONE + 1H LABORATORIO\r\n14.DURATA E VISIBILITÀ DELLE VARIABILI; 2H LEZIONE + 1H LABORATORIO\r\n15.CENNI SU STACK E RECORD DI ATTIVAZIONE; 2H LEZIONE + 1H LABORATORIO\r\n16.PUNTATORI; 6H LEZIONE + 4H LABORATORIO\r\n17.ALLOCAZIONE E DEALLOCAZIONE DELLA MEMORIA; 5H LEZIONE + 2H LABORATORIO\r\n18.STRINGHE; LE STRUTTURE; 5H LEZIONE + 2H LABORATORIO\r\n19.INTRODUZIONE ALLA RICORSIONE. 2H LEZIONE + 1H LABORATORIO\r\n20.UTILIZZO DEL LINGUAGGIO C \r\n\r\nTOTALE: 48H LEZIONE + 24H LABORATORIO',5,5,1),(17,5,'Programmazione avanzata',4,'Questo corso ha l\'obiettivo di insegnarti dei concetti avanzati della programmazione.','	CONCETTI DI BASE DI PYTHON (4 ORE)\r\nPROGRAMMAZIONE ORIENTATA AGLI OGGETTI IN PYTHON (3 ORE)\r\nECCEZIONI E ASSERZIONI (2 ORE)\r\nPROGRAMMAZIONE FUNZIONALE (5 ORE)\r\nCREATIONAL DESIGN PATTERN (3 ORE)\r\nSTRUCTURAL DESIGN PATTERN (4 ORE)\r\nBEHAVIORAL DESIGN PATTERN (6 ORE)\r\nINTROSPECTION (4 ORE)\r\nGENERATORI, COROUTINE (3 ORE)\r\nGESTIONE DELLA MEMORIA, GARBAGE COLLECTION (2 ORE)\r\nINPUT-OUTPUT, SERIALIZZAZIONE (2 ORE)\r\nMULTIPROCESSING (3 ORE)\r\nMULTITHREADING (3 ORE)\r\nNETWORKING (4 ORE)',10,10,1),(18,1,'Interazione uomo macchina',2,'Questo corso ha l\'obiettivo di insegnarti le principali tecniche di analisi dell\'usabilità e dell\'accessibilità di interfacce utente.','INTRODUZIONE DEL CONCETTO DI “INTERAZIONE UOMO MACCHINA”. MODELLI O FRAMEWORK DI INTERAZIONE. GLI STILI DELL’INTERAZIONE. IL CONTESTO SOCIALE DELL’INTERAZIONE. CENNI SULL’ERGONOMIA.\r\nLA PROGETTAZIONE DELLE INTERFACCE UOMO - SISTEMA. PRINCIPI DI PROGETTAZIONE DELLE INTERFACCE. LINEE GUIDA E METODOLOGIE PER L’INDIVIDUAZIONE DEI PROFILI UTENTE. ANALISI DEI TASK E SCENARI DI UTILIZZO.\r\nPARADIGMI DI INTERAZIONE PER L’USABILITÀ: PROSPETTIVA STORICA . IL PARADIGMA DI MANIPOLAZIONE DIRETTA. L’INTERAZIONE MULTIMODALE. L’INTERAZIONE COLLABORATIVA. CENNI A PARADIGMI PIÙ AVANZATI DI INTERAZIONE, QUALI L’UBIQUITOUS COMPUTING, LA REALTÀ AUMENTATA E LA REALTÀ VIRTUALE.\r\nPRINCIPI DI AUSILIO ALL’USABILITÀ: LA “CAPACITÀ DI APPRENDIMENTO”. LA “FLESSIBILITÀ”. LA “ROBUSTEZZA”. ACCESSIBILITÀ E LINEE GUIDA.\r\nSTRUMENTI DI SUPPORTO ALL’IMPLEMENTAZIONE DEI SISTEMI INTERATTIVI: I SISTEMI A FINESTRE. I TOOLKIT DI INTERAZIONE. GLI USER INTEFACE MANAGEMENT SYSTEMS. IL DESIGN ITERATIVO E LE TECNICHE DI PROTOTIPAZIONE DELLE APPLICAZIONI INTERATTIVE. I PAPER SKETCH DI INTERFACCE UTENTE.\r\nTECNICHE DI VALUTAZIONE DEI SISTEMI INTERATTIVI. CONFRONTO TRA VALUTAZIONE SUL CAMPO E VALUTAZIONE IN LABORATORIO. TECNICHE DI VALUTAZIONE DA APPLICARE IN FASE DI DESIGN E TECNICHE DA APPLICARE A IMPLEMENTAZIONE AVVENUTA.',15,15,0),(19,5,'Ricerca operativa',2,'Questo corso ha l\'obiettivo di insegnarti cosa e\' la ricerca operativa.','1.LA PROGRAMMAZIONE LINEARE (PL):\r\n- RICHIAMI DI ALGEBRA LINEARE; OPERAZIONI SULLE MATRICI; POLIEDRI; DIREZIONI, DIREZIONI ESTREME; TEOREMA DELLA RAPPRESENTAZIONE; PASSAGGIO DAL PROBLEMA REALE AL MODELLO DI OTTIMIZZAZIONE; IL METODO DEL SIMPLESSO: PUNTI ESTREMI ED OTTIMALITÀ; CONDIZIONI DI OTTIMALITÀ E ILLIMITATEZZA. L\'ALGEBRA DEL METODO DEL SIMPLESSO; LA RICERCA DI UNA SOLUZIONE AMMISSIBILE DI BASE INIZIALE; IL METODO DELLE DUE FASI; IL METOTO DEL BIG M. DEGENERAZIONE E CICLI; CONVERGENZA DEL METODO DEL SIMPLESSO. UTILIZZO DEL PROGRAMMA EXCEL PER LA SOLUZIONE DI PROBLEMI DI PROGRAMMAZIONE LINEARE.\r\n\r\n- DUALITÀ: FORMULAZIONE DEL PROBLEMA DUALE; COSTI RIDOTTI; TEOREMA DEBOLE E TEOREMA FORTE DELLA DUALITÀ; GLI SCARTI COMPLEMENTARI; RELAZIONI PRIMALE-DUALE; INTERPRETAZIONE ECONOMICA DEL DUALE.\r\n- ANALISI DELLA SENSITIVITÀ ED ANALISI PARAMETRICA: ANALISI POST-OTTIMALE; VARIAZIONE DELLA SOLUZIONE OTTIMA E DEL VALORE OTTIMO DI UN PROBLEMA DI PL AL VARIARE DEI DATI.\r\n\r\n2. OTTIMIZZAZIONE SU RETE:\r\n- PROBLEMI DI FLUSSO SU RETE: CAMMINI MINIMI. ALBERO DI COPERTURA DI PESO MINIMO. MASSIMO FLUSSO. TRASPORTO. ASSEGNAMENTO. MODELLI MATEMATICI ED ALGORITMI.',20,20,1),(20,1,'HTML 5 da zero',5,'Questo corso ha l\'obiettivo di insegnarti tutto sull\'HTML.','CONTENUTI DEL CORSO: \r\n - MASTERIZZAZIONE HTML ; \r\n- MASTER HTML 5 ; \r\n - CREARE PAGINE WEB DA ZERO ; \r\n - PRIMI PASSI NELLO SVILUPPO WEB ; \r\n - SCOPRI COME UTILIZZARE IN MODO APPROFONDITO TUTTI I TAG PIU\' IMPORTANTI ; \r\n- HTML MODERNO IN PROFONDITA\' ; \r\n - MOLTO ALTRO ANCORA .',25,25,1),(21,5,'Basi di dati 2',3,'Questo corso ha l\'obiettivo di insegnarti dei concetti avanzati sulle Basi di Dati.','MODELLI AVANZATI E TECNOLOGIE DI BASI DI DATI UTILIZZATE NEL CONTESTO DEI SISTEMI INFORMATIVI AZIENDALI:\r\n•ORGANIZZAZIONE FISICA DEI DATI ED INDICIZZAZIONE\r\n•CONCORRENZA\r\n•GESTIONE DELLE TRANSAZIONI\r\n•BASI DI DATI DISTRIBUITE\r\n•ASPETTI DI PRIVACY E CONTROLLO DELL’ACCESSO\r\n\r\nTEMATICHE INERENTI ASPETTI EVOLUTI DI GESTIONE DEI DATI:\r\n•DATABASE SEMI STRUTTURATI\r\n•INFORMATION RETRIEVAL\r\n•DATA WAREHOUSE\r\n•SISTEMI DI BUSINESS INTELLIGENCE\r\n•BASI DI DATI XML E MULTIMEDIALI\r\n•BIG DATA E NOSQL',30,30,1),(22,1,'Cybersecurity',2,'Questo corso ha l\'obiettivo di insegnarti cosa e\' la Cyber sicurezza','IL CORSO INCLUDE ORE DI DIDATTICA NELLA FORMA DI LEZIONI E ORE DI ESERCITAZIONI GUIDATE DURANTE LE QUALI GLI STUDENTI VERIFICANO DIRETTAMENTE IN UN AMBIENTE DI EMULAZIONE CIÒ CHE IL DOCENTE HA PRESENTATO NEL CORSO DELLE LEZIONI (CON UN APPROCCIO LEARNING-BY-DOING).\r\n\r\nGLI ARGOMENTI AFFRONTATI NELLE LEZIONI IN AULA SONO:\r\n\r\nLEZIONI FRONTALI\r\n•INTRODUZIONE E PANORAMICA DEL CORSO [PFLEEGER SEZIONE 1; ANDERSON CAPITOLO 1]\r\n•ELEMENTI DI BASE DI NETWORKING [PFLEEGER SEZIONE 7.0, 7.1 (PP. 376-396)]\r\n•ANALISI ED INTERCETTAZIONE DEL TRAFFICO\r\n•AUTENTICAZIONE, AUTORIZZAZIONE E ACCOUNTING [KAUFMAN CAPITOLI 9 E 10]\r\n•SICUREZZA DELLE COMUNICAZIONI IN RETE [PFLEEGER CAPITOLO 7.3]\r\n•NETWORK ACCESS CONTROL [PFLEEGER SEZIONE 7.4; PFLEEGER PP. 449-450]\r\n•SPOOFING E FURTO DI IDENTITÀ [ANDERSON CAPITOLO 2]\r\n•L’ANONIMATO IN RETE [PFLEEGER PP. 150-160; ANDERSON CAPITOLO 17]\r\n•PROBLEMI DI SICUREZZA NEGLI INTERNET PROTOCOLS [CHESWICK CAPITOLI 2 E 3]\r\n•I PIÙ COMUNI ATTACCHI IN RETE [PFLEEGER PP. 396-424]\r\n•ATTACCHI DENIAL OF SERVICE [PFLEEGER PP. 427-432]\r\n•RICONOSCIMENTO ED INDIVIDUAZIONE DEGLI ATTACCHI [PFLEEGER CAPITOLO 7.5 (PP. 484-490); ANDERSON CAPITOLO 21.4.3/21.4.4]\r\n•TRACCIAMENTO A RITROSO DEGLI ATTACCHI ED INDIVIDUAZIONE DELLE LORO ORIGINI\r\n•MALWARE E BOTNETS [STALLINGS CAPITOLO 19]\r\n•VIRUSES E WORMS [PFLEEGER CAPITOLO 3.3 (PP. 111-141); ANDERSON CAPITOLO 21.3]\r\n•SICUREZZA E TECNICHE DI DIFESA PER SISTEMI WWW [KAUFMAN CAPITOLO 25, PFLEEGER PP. 424-427, PFLEEGER PP. 433-437]\r\n•INTRUSION DETECTION/PREVENTION SYSTEMS [STALLINGS CAPITOLO 18]\r\n•FIREWALLS [STALLINGS CAPITOLO 20 E KAUFMAN CAPITOLO 23]\r\n•ANOMALY DETECTION\r\n\r\nATTIVITÀ DI LABORATORIO\r\n•EMULAZIONE DI SISTEMI COMPLESSI IN RETE CON GNS3\r\n•IMPLEMENTAZIONE DI REGOLE DI FILTRAGGIO, POLITICHE E STRATEGIE DI CONTROLLO ACCESSI SUI PRINCIPALI ROUTER COMMERCIALI\r\n•IMPLEMENTAZIONE DI MECCANISMI DI SICUREZZA PERIMETRALE\r\n•ESERCIZI DI SCANSIONE VULNERABILITÀ DI UNA RETE\r\n•INSTALLAZIONE E CONFIGURAZIONE DI UN SEMPLICE FIREWALL',30,30.5,1),(23,5,'Gestione dei progetti software',2,'Questo corso ha l\'obiettivo di insegnarti a come gestire i progetti software.','•DEFINIZIONI FONDAMENTALI DI MANAGEMENT: PROGETTO, PROJECT MANAGEMENT, PORTFOLIO E PROGRAMMA. IL RUOLO DEL PROJECT MANAGER. IL PROJECT MANAGEMENT NELL’AMBITO DELL’INFORMATION TECHNOLOGY.\r\n•I GRUPPI DI PROCESSI FONDAMENTALI DEL PROJECT MANAGEMENT: INIZIO, PIANIFICAZIONE, ESECUZIONE, MONITORAGGIO E CONTROLLO, CHIUSURA.\r\n•LA GESTIONE DELLE AREE DI CONOSCENZA: L’INTEGRAZIONE, LO SCOPE, IL TEMPO, IL COSTO, LA QUALITÀ, LE RISORSE UMANE, LA COMUNICAZIONE, IL RISCHIO, GLI ACQUISTI, GLI STAKEHOLDER.\r\n•ATTIVITÀ DI GESTIONE IN UN PROGETTO SOFTWARE; LA WORK BREAKDOWN STRUCTURE (WBS); IL PIANO DI GESTIONE DEL PROGETTO SOFTWARE; PROCESSI DI SVILUPPO, PROCESSI DI MANAGEMENT E PROCESSI D’INTEGRAZIONE.\r\n•MISURAZIONE DEL SOFTWARE; PARADIGMA GOAL-QUESTION-METRIC; CLASSIFICAZIONE DELLE METRICHE DEL SOFTWARE; MISURE DI SIZE FUNZIONALI (FPA E COSMIC), STIMA DELL’EFFORT.\r\n•SISTEMI DI GESTIONE QUALITÀ E MODELLI, STANDARD PER LA QUALITÀ DEL PRODOTTO SOFTWARE E RELATIVE CARATTERISTICHE. SOFTWARE PROCESS IMPROVEMENT, REQUISITI DI MISURAZIONE DEL CMMI.\r\n•IL CICLO DI VITA DEL SOFTWARE. MODELLI DEL CICLO DI VITA DEL SOFTWARE; METODOLOGIE AGILI, SCRUM E AGILE PROJECT MANAGEMENT.',25,25.5,0),(24,1,'Analisi Matematica 2',1,'Questo corso ha l\'obiettivo di insegnarti dei concetti avanzati sull\'analisi matematica.','I NUMERI REALI\r\nASSIOMI DEI NUMERI REALI E CONSEGUENZE. NUMERI NATURALI, INTERI E RAZIONALI. INSIEMI NUMERICI: INSIEME LIMITATO, MASSIMO E MINIMO, ESTREMO INFERIORE E SUPERIORE. UNICITÀ DEL MINIMO (DIM). TH DI ESISTENZA DELL\'ESTREMO SUPERIORE (DIM). INSIEMI NON LIMITATI. INTERVALLI. PROPRIETÀ DI ARCHIMEDE (DIM). NON COMPLETEZZA DELL\'INSIEME DEI NUMERI RAZIONALI (DIM).\r\n\r\nFUNZIONI REALI DI UNA VARIABILE REALE\r\nDEFINIZIONE E NOTAZIONI. ESTREMI. RAPPRESENTAZIONE CARTESIANA. FUNZIONI PARI, FUNZIONI DISPARI E FUNZIONI PERIODICHE. ALGEBRA DELLE FUNZIONI. COMPOSIZIONE DI FUNZIONI. FUNZIONI INVERTIBILI. FUNZIONI MONOTONE. INVERTIBILITÀ DELLE FUNZIONI MONOTONE(DIM).\r\n\r\nFUNZIONI ELEMENTARI\r\nFUNZIONE LINEARE. FUNZIONE VALORE ASSOLUTO. DISUGUAGLIANZA TRIANGOLARE. FUNZIONI POTENZA. FUNZIONE ESPONENZIALE. FUNZIONE LOGARITMO. FUNZIONI TRIGONOMETRICHE E TRIGONOMETRICHE INVERSE.\r\n\r\nSUCCESSIONI NUMERICHE\r\nDEFINIZIONE E NOTAZIONI. RAPPRESENTAZIONE GRAFICA DI UNA SUCCESSIONE. SUCCESSIONI CONVERGENTI: DEFINIZIONE ED ESEMPI. TH SULL\'UNICITÀ DEL LIMITE (DIM). SUCCESSIONI DIVERGENTI: DEFINIZIONI ED ESEMPI. VERIFICHE DI LIMITI. SUCCESSIONI NON REGOLARI. SUCCESSIONI LIMITATE. LIMITATEZZA DELLE SUCCESSIONI CONVERGENTI(DIM). OPERAZIONI CON I LIMITI DI SUCCESSIONI (DIMOSTRAZIONE DELLA SOMMA E DEL PRODOTTO SOLO NEL CASO DELLA CONVERGENZA). FORME INDETERMINATE. TH DELLA PERMANENZA DEL SEGNO E COROLLARI(DIM). TH DEI CARABINIERI (DIM). TH DEL PRODOTTO DI UNA SUCCESSIONE LIMITATA PER UNA INFINITESIMA. SUCCESSIONI MONOTONE E RELATIVO TH (DIM). IL NUMERO E. ALCUNI LIMITI NOTEVOLI. CRITERIO DEL RAPPORTO E SUE APPLICAZIONI. INFINITI DI ORDINE CRESCENTE. SUCCESSIONI ESTRATTE. TH DI BOLZANO-WEIERSTRASS.\r\nLIMITI DI FUNZIONI\r\nDEFINIZIONE E NOTAZIONI. LEGAME TRA LIMITI DI FUNZIONI E LIMITI DI SUCCESSIONI. UNICITÀ DEL LIMITE. OPERAZIONI CON I LIMITI. FORME INDETERMINATE. LIMITI DELLE FUNZIONI COMPOSTE. LIMITI DELLE FUNZIONI ELEMENTARI AGLI ESTREMI DEL LORO INSIEME DI DEFINIZIONE.\r\n\r\nFUNZIONI CONTINUE\r\nDEFINIZIONE. CONTINUITÀ DELLE FUNZIONI ELEMENTARI. OPERAZIONI CON FUNZIONI CONTINUE. COMPOSIZIONE DI FUNZIONI CONTINUE. TH DELLA PERMANENZA DEL SEGNO. TH DEGLI ZERI. PUNTI DI DISCONTINUITÀ: CLASSIFICAZIONE ED ESEMPI. TH DI WEIERSTRASS. TEOREMI DELL\'ESISTENZA DEI VALORI INTERMEDI (DIMOSTRAZIONE SOLO DEL PRIMO). LIMITI NOTEVOLI (DIM).\r\n\r\nDERIVATE\r\nDEFINIZIONE E SIGNIFICATO GEOMETRICO. CONTINUITÀ DELLE FUNZIONI DERIVABILI (DIM). OPERAZIONI CON LE DERIVATE (DIM). DERIVATA DI UNA FUNZIONE COMPOSTA. DERIVATA DELLA FUNZIONE INVERSA. DERIVATE DELLE FUNZIONI ELEMENTARI (DIM). DERIVATE DI ORDINE SUPERIORE. TEOREMI DI DE L\'HOPITAL. FORMULA DI TAYLOR.\r\n\r\nAPPLICAZIONI DELLE DERIVATE. STUDIO DI FUNZIONI.\r\nMASSIMI E MINIMI RELATIVI DI UNA FUNZIONE REALE DI UNA VARIABILE REALE. TH DI FERMAT (DIM). TH DI ROLLE (DIM). TH DI LAGRANGE (INTERPRETAZIONE GRAFICA). CRITERIO DI MONOTONIA (DIM). CRITERIO DI STRETTA MONOTONIA. CARATTERIZZAZIONE DELLE FUNZIONI COSTANTI IN UN INTERVALLO (DIM). FUNZIONI CONVESSE E CONCAVE. CRITERIO DI CONVESSITÀ. DETERMINAZIONE DEGLI ESTREMI RELATIVI DI UNA FUNZIONE. STUDIO DEL GRAFICO DI UNA FUNZIONE.\r\n\r\nINTEGRAZIONE SECONDO RIEMANN\r\nDEFINIZIONE NEL CASO DI UNA FUNZIONE LIMITATA E NOTAZIONI. INTERPRETAZIONE GEOMETRICA. PROPRIETÀ DI ADDITIVITÀ RISPETTO ALL\'INTERVALLO E DI LINEARITÀ. INTEGRABILITÀ DELLE FUNZIONI CONTINUE. TEOREMI DELLA MEDIA(DIM).\r\n\r\nINTEGRALI INDEFINITI\r\nPRIMITIVE. TH FONDAMENTALE DEL CALCOLO INTEGRALE (DIM). CARATTERIZZAZIONE DELLE PRIMITIVE DI UNA FUNZIONE IN UN INTERVALLO (DIM). FORMULA FONDAMENTALE DEL CALCOLO INTEGRALE (DIM). INTEGRALE INDEFINITO. INTEGRAZIONE PER DECOMPOSIZIONE IN SOMMA. INTEGRAZIONE DELLE FUNZIONI RAZIONALI. INTEGRAZIONE PER PARTI. ALCUNI TIPI DI INTEGRAZIONE PER SOSTITUZIONE',20,20.5,1),(25,5,'Basi di Dati 1',3,'Questo corso ha l\'obiettivo di insegnarti i concetti base sulle Basi di Dati.','MODELLAZIONE CONCETTUALE E LOGICA DI BASI DI DATI:\r\n- IL MODELLO ENTITÀ/RELAZIONI\r\n- IL MODELLO RELAZIONALE\r\n- TECNICHE DI RISTRUTTURAZIONE\r\n- REGOLE DI MAPPING ER-RELAZIONALE\r\n- STRUMENTI AUTOMATICI DI SUPPORTO ALLA PROGETTAZIONE.\r\n\r\nLINGUAGGI DI INTERROGAZIONE E METODOLOGIE DI PROGETTAZIONE:\r\n- ALGEBRA RELAZIONALE\r\n- IL LINGUAGGIO SQL\r\n- LE LIBRERIE DI FUNZIONI JDBC\r\n- LE REGOLE DI NORMALIZZAZIONE DELLE BASI DI DATI.\r\n\r\nLABORATORIO\r\nSTRUMENTI CASE DI SUPPORTO ALLA PROGETTAZIONE\r\nDBMS RELAZIONALE MYSQL',15,15.5,1),(26,1,'Intelligenza artificiale',2,'Questo corso ha l\'obiettivo di insegnarti cosa e\' l\'intelligenza artificiale.','PARTE I: INTRODUZIONE ALL’INTELLIGENZA ARTIFICIALE\r\nAGENTI INTELLIGENTI\r\n \r\nPARTE II: RISOLUZIONE DI PROBLEMI\r\nRISOLVERE I PROBLEMI CON LA RICERCA\r\nRICERCA INFORMATA\r\nRICERCA CON AVVERSARI\r\n \r\nPARTE III: CONOSCENZA E RAGIONAMENTO\r\nAGENTI LOGICI\r\nLOGICA DEL PRIMO ORDINE\r\nL\'INFERENZA NELLA LOGICA DEL PRIMO ORDINE\r\nRAPPRESENTAZIONE DELLA CONOSCENZA\r\n\r\nPARTE IV: CONOSCENZA INCERTA E RAGIONAMENTO\r\nINCERTEZZA\r\nRAGIONAMENTO PROBABILISTICO\r\n \r\nPARTE V: APPRENDIMENTO\r\nAPPRENDIMENTO DALLE OSSERVAZIONI\r\nCONOSCENZA E APPRENDIMENTO\r\nRETI NEURALI\r\nMACCHINE KERNEL',10,10.5,1),(27,5,'Programmazione avanzata',4,'Questo corso ha l\'obiettivo di insegnarti dei concetti avanzati sulla programmazione.','CONCETTI DI BASE DI PYTHON (4 ORE)\r\nPROGRAMMAZIONE ORIENTATA AGLI OGGETTI IN PYTHON (3 ORE)\r\nECCEZIONI E ASSERZIONI (2 ORE)\r\nPROGRAMMAZIONE FUNZIONALE (5 ORE)\r\nCREATIONAL DESIGN PATTERN (3 ORE)\r\nSTRUCTURAL DESIGN PATTERN (4 ORE)\r\nBEHAVIORAL DESIGN PATTERN (6 ORE)\r\nINTROSPECTION (4 ORE)\r\nGENERATORI, COROUTINE (3 ORE)\r\nGESTIONE DELLA MEMORIA, GARBAGE COLLECTION (2 ORE)\r\nINPUT-OUTPUT, SERIALIZZAZIONE (2 ORE)\r\nMULTIPROCESSING (3 ORE)\r\nMULTITHREADING (3 ORE)\r\nNETWORKING (4 ORE)',5,5.5,1),(28,1,'Robot programming',3,'Questo corso ha l\'obiettivo di insegnarti a programmare un robot.','IL CORSO È PRINCIPALMENTE BASATO SUL PROTOTYPING E COSTRUZIONE DI ROBOT, PROGRAMMAZIONE DI ROBOT E ALGORITMI PER IL CONTROLLO DI UN ROBOT.\r\nIN PARTICOLARE, I SEGUENTI ARGOMENTI SONO SVILUPPATI:\r\n• FONDAMENTI DI PROGRAMMAZIONE ROBOT E TIPOLOGIE DI ROBOT\r\n• PROTOTIPIZZAZIONE E MONTAGGIO DI UN ROBOT\r\n• TOOL DI SVILUPPO: SIMULATORI, CAD E STAMPA 3D\r\n• MATERIALI UTILIZZATI PER COSTRUIRE ROBOT\r\n• GESTIONE DELLE BATTERIE\r\n• METODOLOGIE PER LA PROGRAMMAZIONE DI UN ROBOT: MODELLI STATECHART\r\n• LINGUAGGI DI PROGRAMMAZIONE PER LA ROBOTICA\r\n• INTERFACCIARE I ROBOT: COMUNICAZIONI TRA I MICROCONTROLLORI, INTERAGIRE CON UN CONTROLLORE DI MOTORI, SHIELD DI PROTEZIONE\r\n• CONTROLLO UTENTE: CONTROLLO WIRED, CONTROLLO A INFRAROSSI, CONTROLLO BASATO SU RADIOFREQUENZA: BLUETOOTH E WIFI\r\n• CONTROLLO AUTONOMO: CONTROLLO INTELLIGENTE BASATO SUL PROCESSING DELLE IMMAGINI, MODELLI DI MACHINE LEARNING E BASATO SUI SENSORI\r\n• SENSORI: SENSORE CONTATTO, SENSORI DI DISTANZA E DI RIFLESSIONE, SENSORI DI ORIENTAMENTO E POSIZIONE, SENSORE CAMERA\r\n• MOTORI ELETTRICI: STEPPING / SERVO / LINEARI, GESTIONE DELLA GUIDA\r\n• ESEMPI DI LINE BOT, WALL BOT, E ARM BOT\r\n• ROBOT MOTION PLANNING: MOVIMENTO DEL BRACCIO (CINEMATICA INVERSA E DIRETTA, CONTROLLO A N-JOINT), NAVIGAZIONE DEL ROBOT (PIANIFICAZIONE DEL PERCORSO, TRACCIAMENTO DEL PERCORSO, EVITARE GLI OSTACOLI)\r\n• DECISION MAKING: SELEZIONE DELLE AZIONI DEL ROBOT, SELEZIONE DELLA DIREZIONE/ SELEZIONE DEL PERCORSO\r\n• ALGORITMI PER IL CONTROLLO DI UN ROBOT',5,5,1),(29,5,'Introduzione al linguaggio c++',4,'Questo corso ha l\'obiettivo di insegnarti il linguaggio di programmazione c++.','ARGOMENTI TRATTATI: \r\n- INTRODUZIONE AL LINGUAGGIO C++ ; \r\n- LE BASI DEL LINGUAGGIO C++ ; \r\n- COSTRUTTI SELETTIVI ; \r\n- COSTRUTTI ITERATIVI ; \r\n- I DATI STRUTTURATI ; \r\n- PUNTATORI E MEMORIA DINAMICA ; \r\n- FUNZIONI E PROCEDURE ; \r\n- PROGETTI E LIBRERIE ; \r\n- LETTURA E SCRITTURA SU FILE ;\r\n- ALTRO ANCORA .',10,10,1),(30,1,'Algebra lineare',1,'Questo corso ha l\'obiettivo di insegnarti cosa e\' l\'algebra lineare.','ARGOMENTI TRATTATI: \r\n- CONCETTI BASE: DETERMINANTE E RANGO; \r\n- SISTEMI LINEARI; \r\n- SPAZI, SOTTOSPAZI, GENERATORI E BASI; \r\n- INTRODUZIONE ALLE APPLICAZIONI LINEARI; \r\n- STUDIO DI APPLICAZIONE LINEARE; \r\n- APPROFONDIMENTO SULLE APPLICAZIONI LINEARI; \r\n- ALTRO ANCORA.',15,15,1),(31,5,'Geometria analitica',1,'Questo corso ha l\'obiettivo di insegnarti cosa e\' la geometria analitica.','ARGOMENTI TRATTATI: \r\n- PIANO CARTESIANO; \r\n- SISTEMA BIDIMENSIONALE; \r\n- RETTE; - CIRCONFERENZE; \r\n- PARABOLE; \r\n- ELISSI; \r\n- HIPERBOLE.',20,20,1),(32,1,'Matematica discreta',1,'Questo corso ha l\'obiettivo di insegnarti cosa e\' la matematica discreta.','INSIEMI. \r\nOPERAZIONI SUGLI INSIEMI: UNIONE, INTERSEZIONE, DIFFERENZA, DIFFERENZA SIMMETRICA, PRODOTTO CARTESIANO. \r\nINSIEME DELLE PARTI DI UN INSIEME. \r\nPARTIZIONI DI UN INSIEME. \r\nCORRISPONDENZE E APPLICAZIONI. \r\nIMMAGINI E CONTROIMMAGINI. ',25,25,1),(33,5,'Go - Dalle Basi ai Concetti Avanzat',4,'Questo corso ha l\'obiettivo di insegnarti il linguaggio di programmazione GO.','Indice del corso: \r\n- Programmare; \r\n- Programmare in Go; \r\n- Programmare in Golang; \r\n- Go; - Golang; \r\n- Programmazione.',30,30,0),(34,1,'Concorrenza in Go (Golang)',4,'Questo corso ha l\'obiettivo di insegnarti la concorrenza nel linguaggio di programmazione GO.','- Come far girare le Goroutine e comunicare i dati tra di loro. \r\n- Come evitare condizioni di gara e deadlock. \r\n- Come sincronizzare l\'esecuzione di Goroutine. \r\n- Come funziona l\'utilità di pianificazione Go. \r\n- Come costruire pipeline di streaming con Goro...',30,30.5,1);
/*!40000 ALTER TABLE `percorso_formativo` ENABLE KEYS */;
UNLOCK TABLES;

--
-- Table structure for table `preferenza_studente`
--

DROP TABLE IF EXISTS `preferenza_studente`;
/*!40101 SET @saved_cs_client     = @@character_set_client */;
/*!50503 SET character_set_client = utf8mb4 */;
CREATE TABLE `preferenza_studente` (
  `studente` int NOT NULL,
  `disponibile` varchar(10) NOT NULL,
  PRIMARY KEY (`studente`,`disponibile`),
  CONSTRAINT `studentePref` FOREIGN KEY (`studente`) REFERENCES `studente` (`idstudente`) ON DELETE CASCADE ON UPDATE CASCADE
) ENGINE=InnoDB DEFAULT CHARSET=utf8mb4 COLLATE=utf8mb4_0900_ai_ci;
/*!40101 SET character_set_client = @saved_cs_client */;

--
-- Dumping data for table `preferenza_studente`
--

LOCK TABLES `preferenza_studente` WRITE;
/*!40000 ALTER TABLE `preferenza_studente` DISABLE KEYS */;
INSERT INTO `preferenza_studente` VALUES (1,'lunedì'),(2,'giovedì'),(5,'mercoledì'),(5,'venerdì');
/*!40000 ALTER TABLE `preferenza_studente` ENABLE KEYS */;
UNLOCK TABLES;

--
-- Table structure for table `studente`
--

DROP TABLE IF EXISTS `studente`;
/*!40101 SET @saved_cs_client     = @@character_set_client */;
/*!50503 SET character_set_client = utf8mb4 */;
CREATE TABLE `studente` (
  `idstudente` int NOT NULL AUTO_INCREMENT,
  `email` varchar(50) NOT NULL,
  `password` varchar(20) NOT NULL,
  `nome` varchar(30) NOT NULL,
  `cognome` varchar(30) NOT NULL,
  `sesso` varchar(1) DEFAULT NULL,
  `dataNascita` date NOT NULL,
  `paeseOrigine` varchar(20) DEFAULT NULL,
  PRIMARY KEY (`idstudente`),
  UNIQUE KEY `email_UNIQUE` (`email`)
) ENGINE=InnoDB AUTO_INCREMENT=6 DEFAULT CHARSET=utf8mb4 COLLATE=utf8mb4_0900_ai_ci COMMENT='tabella che rappresenta uno studente';
/*!40101 SET character_set_client = @saved_cs_client */;

--
-- Dumping data for table `studente`
--

LOCK TABLES `studente` WRITE;
/*!40000 ALTER TABLE `studente` DISABLE KEYS */;
INSERT INTO `studente` VALUES (1,'testStudente3@cambioEmail.it','testing2LaVendetta','Test nome','test cognome','f','0017-10-22','Italia'),(2,'testStudente2@cambioEmail.it','cambiopswd','Studente Control register','control register','M','0019-02-06','Italia'),(4,'federico.discipio@gmail.com','cambioPassword','federico','di scipio','M','1995-09-10','Italy'),(5,'studente@gmail.com','studente','Matteo','Gialli','m','1995-10-05','');
/*!40000 ALTER TABLE `studente` ENABLE KEYS */;
UNLOCK TABLES;

--
-- Table structure for table `valutazione`
--

DROP TABLE IF EXISTS `valutazione`;
/*!40101 SET @saved_cs_client     = @@character_set_client */;
/*!50503 SET character_set_client = utf8mb4 */;
CREATE TABLE `valutazione` (
  `idStudente` int NOT NULL,
  `idFormatore` int NOT NULL,
  `idPercorsoFormativo` int NOT NULL,
  `descrizione` varchar(300) NOT NULL,
  `data` date NOT NULL,
  `stelle` int NOT NULL,
  PRIMARY KEY (`idStudente`,`idFormatore`,`idPercorsoFormativo`),
  KEY `formatoreValutato_idx` (`idFormatore`),
  KEY `idPercorso_idx` (`idPercorsoFormativo`),
  CONSTRAINT `formatoreValutato` FOREIGN KEY (`idFormatore`) REFERENCES `formatore` (`idformatore`) ON DELETE CASCADE ON UPDATE CASCADE,
  CONSTRAINT `idPercorso` FOREIGN KEY (`idPercorsoFormativo`) REFERENCES `percorso_formativo` (`idpercorso_formativo`) ON UPDATE CASCADE,
  CONSTRAINT `studenteValutante` FOREIGN KEY (`idStudente`) REFERENCES `studente` (`idstudente`) ON DELETE CASCADE ON UPDATE CASCADE
) ENGINE=InnoDB DEFAULT CHARSET=utf8mb4 COLLATE=utf8mb4_0900_ai_ci;
/*!40101 SET character_set_client = @saved_cs_client */;

--
-- Dumping data for table `valutazione`
--

LOCK TABLES `valutazione` WRITE;
/*!40000 ALTER TABLE `valutazione` DISABLE KEYS */;
INSERT INTO `valutazione` VALUES (1,1,1,'ottimo corso','2022-07-10',4),(1,1,2,'ottimo corso','2022-07-10',3),(4,1,1,'prova valutazione servizi utente servlet Test','2022-09-11',4);
/*!40000 ALTER TABLE `valutazione` ENABLE KEYS */;
UNLOCK TABLES;
/*!40103 SET TIME_ZONE=@OLD_TIME_ZONE */;

/*!40101 SET SQL_MODE=@OLD_SQL_MODE */;
/*!40014 SET FOREIGN_KEY_CHECKS=@OLD_FOREIGN_KEY_CHECKS */;
/*!40014 SET UNIQUE_CHECKS=@OLD_UNIQUE_CHECKS */;
/*!40101 SET CHARACTER_SET_CLIENT=@OLD_CHARACTER_SET_CLIENT */;
/*!40101 SET CHARACTER_SET_RESULTS=@OLD_CHARACTER_SET_RESULTS */;
/*!40101 SET COLLATION_CONNECTION=@OLD_COLLATION_CONNECTION */;
/*!40111 SET SQL_NOTES=@OLD_SQL_NOTES */;

-- Dump completed on 2022-09-11 17:33:22
